レビュータイトル,更新日,概要,レビューURL
【HT Review】2026年2月最新シーシャフレーバー注目度ランキング・シーシャのシガーリーフ、ダークリーフの世界の評価ランキング（JAPAN SHISHA BOOK),"2月 25, 2026",今回は、世界中のシーシャファンが集まるレビューサイト「HT Review」のデータを基に、今最も注目 […],https://cloud-jp.net/ht-review-202602/
シーシャシガーリーフの時代？BONCHE(ボンチェ)の財務省認可済みのフレーバー紹介,"2月 16, 2026",近年、日本のシーシャシーンで大きな注目を集めているのが「シガーリーフ」というカテゴリーです。その代表 […],https://cloud-jp.net/bonche-permit/
【レビュー】BONCHE（ボンチェ）Cherry（チェリー）の評価は？シガー葉が引き立てる「種」の芳醇さ,"2月 16, 2026",ロシア発のプレミアムブランド「BONCHE（ボンチェ）」において、非常に奥が深い一品として知られるの […],https://cloud-jp.net/bonche-cherry/
【レビュー】BONCHE（ボンチェ）Lycheeライチの評価は？最高級シガーリーフの魅力を徹底解説,"2月 16, 2026",ロシア産の超プレミアムフレーバー「BONCHE（ボンチェ）」。その中でも人気が高い「Lychee（ラ […],https://cloud-jp.net/bonche-lychee/
【レビュー】BONCHE（ボンチェ）Passion Fruitパッションフルーツの評価は？酸味とコクの至高のバランス,"2月 16, 2026",ロシア発のプレミアムブランド「BONCHE（ボンチェ）」において、フルーツ系フレーバーの傑作と名高い […],https://cloud-jp.net/bonche-passionfruits/
【レビュー】BONCHE（ボンチェ）Baseの評価は？シガーリーフ本来の旨味を徹底解説,"2月 16, 2026",ロシア発のプレミアムブランド「BONCHE（ボンチェ）」において、ブランドのアイデンティティを最も象 […],https://cloud-jp.net/bonche-base/
【レビュー】BONCHE（ボンチェ）Salamiサラミの評価は？究極の「おつまみシーシャ」を体験,"2月 16, 2026",ロシア産のプレミアムブランド「BONCHE（ボンチェ）」において、最も衝撃的でありながら熱狂的なファ […],https://cloud-jp.net/bonche-salami/
【レビュー】BONCHE（ボンチェ）Pomegranate（ザクロ）の評価は？シガー葉が引き立てる「リアルな渋み」,"2月 16, 2026",ロシア産プレミアムブランド「BONCHE（ボンチェ）」において、フルーツフレーバーの中でも特にブラン […],https://cloud-jp.net/bonche-pomegrabate/
【レビュー】BONCHE（ボンチェ）Mangoマンゴーの評価は？シガー葉が引き立てる「完熟の甘み」,"2月 16, 2026",ロシア産プレミアムブランド「BONCHE（ボンチェ）」がおくる、南国の王様フレーバーが「Mango（ […],https://cloud-jp.net/%e3%80%90%e3%83%ac%e3%83%93%e3%83%a5%e3%83%bc%e3%80%91bonche%ef%bc%88%e3%83%9c%e3%83%b3%e3%83%81%e3%82%a7%ef%bc%89mango%e3%83%9e%e3%83%b3%e3%82%b4%e3%83%bc%e3%81%ae%e8%a9%95%e4%be%a1%e3%81%af%ef%bc%9f/
【レビュー】BONCHE（ボンチェ）マジパンの評価は？シガーとナッツが織りなす濃厚デザート,"2月 16, 2026",ロシア発のプレミアムブランド「BONCHE（ボンチェ）」において、スイーツ系フレーバーの中でも特に高 […],https://cloud-jp.net/%e3%80%90%e3%83%ac%e3%83%93%e3%83%a5%e3%83%bc%e3%80%91bonche%ef%bc%88%e3%83%9c%e3%83%b3%e3%83%81%e3%82%a7%ef%bc%89%e3%83%9e%e3%82%b8%e3%83%91%e3%83%b3%e3%81%ae%e8%a9%95%e4%be%a1%e3%81%af%ef%bc%9f/
HT Review （大手シーシャレビューサイト）を軸とした2026年最初のトレンドシーシャフレーバーを分析（シーシャダークリーフ・シガーリーフ）,"1月 5, 2026",このランキングは、サイト上のトレンド表示順ではなく、実際にユーザーが書き込んだ「コメント数（議論の量 […],https://cloud-jp.net/ht-review-darkcigar20250105/
BRO TALK流ブランド探求：Satyr（サティール）が提唱する煙の哲学と4つのコレクション(シーシャシガー、ダークリーフ）,"12月 24, 2025",本記事は、BRO TALK STUDIOのシーシャ探求編動画より、2014年にロシアで誕生したプレミ […],https://cloud-jp.net/bro-talkatyr/
BRO TALK流 ブランド探求：シーシャダークフレーバー「DEUS（デウス）」の全貌と3つのラインナップ,"12月 24, 2025",本記事は、BRO TALK STUDIOの「シーシャ探求編」動画より、2022年のジョン・カリアーノ […],https://cloud-jp.net/bro-talk-deusintro/
【SHISHA BOOK】2025年12月24日時点での世界のユーザーのシーシャレビューに基づく、フレーバー注目度・評価ランキング（ダークリーフ、シガーリーフ）,"12月 24, 2025",2025年12月24日時点でのロシア・海外シーシャ市場で注目すべきフレーバーをランキング形式で紹介し […],https://cloud-jp.net/shisha-book20251224/
【SHISHA BOOK】2025年12月1週目での世界のユーザーのシーシャレビューに基づく、フレーバー注目度・評価ランキング,"12月 10, 2025",定期的に、世界のシーシャのフレーバーについて、世界のユーザーが集まる場所のデータを収集し、それぞれの […],https://cloud-jp.net/japan-shisha-book-1210/
世界のDARKSIDE（シーシャブランド）が生み出した吸いやすいラインナップ？STARLINE（スターライン）とは？おすすめフレーバーは？,"12月 5, 2025",シーシャブランド DARKSIDE（ダークサイド） が開発したライトラインシリーズが STARLIN […],https://cloud-jp.net/starline-darkside/
【JAPAN SHISHA BOOK】シーシャのダークリーフ・シガーリーフって何？どんなブランドがある？,"12月 3, 2025",ロシア発・注目シーシャブランド紹介 近年、世界中のシーシャ愛好家から熱い視線を浴びているのがロシアの […],https://cloud-jp.net/japan-shisha-book-brandsintro/
【SHISHA BOOK】2025年11月での世界のユーザーのシーシャレビューに基づく、フレーバー注目度・評価ランキング,"12月 2, 2025",CLOUDとしての新しい取り組みになります。 定期的に、世界のシーシャのフレーバーについて、世界のユ […],https://cloud-jp.net/shishabook-20251201/
Oduman Blend – LTS フレーバーレビュー,"11月 10, 2023",Oduman Blend(オデュマンブレンド)とは Oduman Blendは、ガラスパイプで有名な […],https://cloud-jp.net/odumanblend-lts/
Oduman blend – Berry Mix（ベリーミックス）フレーバーレビュー・ミックス,"11月 10, 2023",Oduman Blend(オデュマンブレンド)とは Oduman Blendは、ガラスパイプで有名な […],https://cloud-jp.net/odumanblend-berrymix/
Oduman blend – Choco Orange（チョコオレンジ） フレーバーレビュー・ミックス,"11月 10, 2023",Oduman Blend(オデュマンブレンド)とは Oduman Blendは、ガラスパイプで有名な […],https://cloud-jp.net/odumanblend-chocoorange/
Oduman blend – Cappuccino（カプチーノ）フレーバーレビュー・ミックス,"11月 10, 2023",Oduman Blend(オデュマンブレンド)とは Oduman Blendは、ガラスパイプで有名な […],https://cloud-jp.net/odumanblend-cappuccino/
Oduman blend – Lemon colic（レモンコリック）フレーバーレビュー・ミックス,"11月 10, 2023",Oduman Blend(オデュマンブレンド)とは Oduman Blendは、ガラスパイプで有名な […],https://cloud-jp.net/odumanblend-lemoncolic/
Oduman blend – Long hot summer（ロングホットサマー）フレーバーレビュー・ミックス,"11月 10, 2023",Oduman Blend(オデュマンブレンド)とは Oduman Blendは、ガラスパイプで有名な […],https://cloud-jp.net/odumanblend-longhotsummer/
Oduman blend – Baked peach（ベイクドピーチ）フレーバーレビュー・ミックス,"11月 10, 2023",Oduman Blend(オデュマンブレンド)とは Oduman Blendは、ガラスパイプで有名な […],https://cloud-jp.net/odumanblend-bakedpeach/
Oduman blend – Smoke’n roll（スモーキンロール）フレーバーレビュー・ミックス,"11月 10, 2023",Oduman Blend(オデュマンブレンド)とは Oduman Blendは、ガラスパイプで有名な […],https://cloud-jp.net/odumanblend-smokenroll/
Oduman blend – Vivido（ヴィヴィド）フレーバーレビュー・ミックス,"11月 10, 2023",Oduman Blend(オデュマンブレンド)とは Oduman Blendは、ガラスパイプで有名な […],https://cloud-jp.net/odumanblend-vivido/
Oduman blend – Winter illusion（ウインターイリュージョン）フレーバーレビュー・ミックス,"11月 10, 2023",Oduman Blend(オデュマンブレンド)とは Oduman Blendは、ガラスパイプで有名な […],https://cloud-jp.net/odumanblend-winterillusion/
Oduman blend – Ice lemonade（アイスレモネード）フレーバーレビュー・ミックス,"11月 10, 2023",Oduman Blend(オデュマンブレンド)とは Oduman Blendは、ガラスパイプで有名な […],https://cloud-jp.net/odumanblend-icelemonade/
Oduman blend – Double Grape（ダブルグレープ）フレーバーレビュー・ミックス,"11月 10, 2023",Oduman Blend(オデュマンブレンド)とは Oduman Blendは、ガラスパイプで有名な […],https://cloud-jp.net/odumanblend-doublegrape/
Oduman blend – Mom’s carrot cake（マムズキャロットケーキ）フレーバーレビュー・ミックス,"11月 10, 2023",Oduman Blend(オデュマンブレンド)とは Oduman Blendは、ガラスパイプで有名な […],https://cloud-jp.net/odumanblend-momscarrotcake/
Oduman blend – Origami（オリガミ）フレーバーレビュー,"11月 10, 2023",Oduman Blend(オデュマンブレンド)とは Oduman Blendは、ガラスパイプで有名な […],https://cloud-jp.net/odumanblend-origami/
Oduman Blend – Cream with mint(クリームウィズミント) フレーバーレビュー,"11月 10, 2023",Oduman Blend(オデュマンブレンド)とは Oduman Blendは、ガラスパイプで有名な […],https://cloud-jp.net/odumanblend-creamwithmint/
MALAKI – Blueberry(ブルーベリー),"3月 15, 2023",MALAKI(マラキ)とは マラキは、アラブ首長国連邦で誕生した最新のシーシャフレーバーブランドです […],https://cloud-jp.net/malaki-blueberry/
MALAKI – Wild(ワイルド),"3月 15, 2023",MALAKI(マラキ)とは マラキは、アラブ首長国連邦で誕生した最新のシーシャフレーバーブランドです […],https://cloud-jp.net/malaki-wild/
MALAKI – Copacabana(コパカバーナ),"3月 15, 2023",MALAKI(マラキ)とは マラキは、アラブ首長国連邦で誕生した最新のシーシャフレーバーブランドです […],https://cloud-jp.net/malaki-copacabana/
MALAKI – Velvet(ベルベット),"3月 15, 2023",MALAKI(マラキ)とは マラキは、アラブ首長国連邦で誕生した最新のシーシャフレーバーブランドです […],https://cloud-jp.net/malaki-velvet/
MALAKI – Specra(スペクトラ),"3月 15, 2023",MALAKI(マラキ)とは マラキは、アラブ首長国連邦で誕生した最新のシーシャフレーバーブランドです […],https://cloud-jp.net/malaki-specra/
MALAKI – Sour Asia(サワーアジア),"3月 15, 2023",MALAKI(マラキ)とは マラキは、アラブ首長国連邦で誕生した最新のシーシャフレーバーブランドです […],https://cloud-jp.net/malaki-sourasia/
MALAKI – Lemon(レモン),"3月 15, 2023",MALAKI(マラキ)とは マラキは、アラブ首長国連邦で誕生した最新のシーシャフレーバーブランドです […],https://cloud-jp.net/malaki-lemon/
MALAKI – Double Apple Mint(ダブルアップルミント),"3月 15, 2023",MALAKI(マラキ)とは マラキは、アラブ首長国連邦で誕生した最新のシーシャフレーバーブランドです […],https://cloud-jp.net/malaki-doubleapplemint/
MALAKI – Gum Mint(ガムミント),"3月 15, 2023",MALAKI(マラキ)とは マラキは、アラブ首長国連邦で誕生した最新のシーシャフレーバーブランドです […],https://cloud-jp.net/malaki-gummint/
MALAKI – Berry Grape(ベリーグレープ),"3月 15, 2023",MALAKI(マラキ)とは マラキは、アラブ首長国連邦で誕生した最新のシーシャフレーバーブランドです […],https://cloud-jp.net/malaki-berrygrape/
MALAKI – Berry(ベリー),"3月 15, 2023",MALAKI(マラキ)とは マラキは、アラブ首長国連邦で誕生した最新のシーシャフレーバーブランドです […],https://cloud-jp.net/malaki-berry/
MALAKI – Mint Cream(ミントクリーム),"3月 15, 2023",MALAKI(マラキ)とは マラキは、アラブ首長国連邦で誕生した最新のシーシャフレーバーブランドです […],https://cloud-jp.net/malaki-mintcream/
MALAKI – Watermelon Mint(ウォーターメロンミント),"3月 15, 2023",MALAKI(マラキ)とは マラキは、アラブ首長国連邦で誕生した最新のシーシャフレーバーブランドです […],https://cloud-jp.net/malaki-watermelonmint/
MALAKI – Grape Mint(グレープミント),"3月 15, 2023",MALAKI(マラキ)とは マラキは、アラブ首長国連邦で誕生した最新のシーシャフレーバーブランドです […],https://cloud-jp.net/malaki-grapemint/
MALAKI – Gum(ガム),"3月 15, 2023",MALAKI(マラキ)とは マラキは、アラブ首長国連邦で誕生した最新のシーシャフレーバーブランドです […],https://cloud-jp.net/malaki-gum/
MALAKI – White Peach(ホワイトピーチ),"3月 15, 2023",MALAKI(マラキ)とは マラキは、アラブ首長国連邦で誕生した最新のシーシャフレーバーブランドです […],https://cloud-jp.net/malaki-whitepeach/
MALAKI – Lemon Mint(レモンミント),"3月 15, 2023",MALAKI(マラキ)とは マラキは、アラブ首長国連邦で誕生した最新のシーシャフレーバーブランドです […],https://cloud-jp.net/malaki-lemonmint/
MALAKI – Cool Breeze(クールブリーズ),"3月 15, 2023",MALAKI(マラキ)とは マラキは、アラブ首長国連邦で誕生した最新のシーシャフレーバーブランドです […],https://cloud-jp.net/malaki-coolbreeze/
MALAKI – Blue Cloud(ブルークラウド),"3月 15, 2023",MALAKI(マラキ)とは マラキは、アラブ首長国連邦で誕生した最新のシーシャフレーバーブランドです […],https://cloud-jp.net/malaki-bluecloud/
MALAKI – Romance(ロマンス),"3月 15, 2023",MALAKI(マラキ)とは マラキは、アラブ首長国連邦で誕生した最新のシーシャフレーバーブランドです […],https://cloud-jp.net/malaki-romance/
MALAKI – Amazon(アマゾン),"3月 15, 2023",MALAKI(マラキ)とは マラキは、アラブ首長国連邦で誕生した最新のシーシャフレーバーブランドです […],https://cloud-jp.net/malaki-amazon/
MALAKI – Orange(オレンジ),"3月 15, 2023",MALAKI(マラキ)とは マラキは、アラブ首長国連邦で誕生した最新のシーシャフレーバーブランドです […],https://cloud-jp.net/malaki-orange/
MALAKI – Bitter Sweet(ビタースイート),"3月 15, 2023",MALAKI(マラキ)とは マラキは、アラブ首長国連邦で誕生した最新のシーシャフレーバーブランドです […],https://cloud-jp.net/malaki-bittersweet/
MALAKI – Moonlight(ムーンライト),"3月 15, 2023",MALAKI(マラキ)とは マラキは、アラブ首長国連邦で誕生した最新のシーシャフレーバーブランドです […],https://cloud-jp.net/malaki-moonlight/
MALAKI – Granny’s Kiss(グラニーズキス),"3月 15, 2023",MALAKI(マラキ)とは マラキは、アラブ首長国連邦で誕生した最新のシーシャフレーバーブランドです […],https://cloud-jp.net/malaki-grannyskiss/
MALAKI – Chocolate Mint(チョコレートミント),"3月 15, 2023",MALAKI(マラキ)とは マラキは、アラブ首長国連邦で誕生した最新のシーシャフレーバーブランドです […],https://cloud-jp.net/malaki-chocolatemint/
MALAKI – Orange Mint(オレンジミント),"3月 15, 2023",MALAKI(マラキ)とは マラキは、アラブ首長国連邦で誕生した最新のシーシャフレーバーブランドです […],https://cloud-jp.net/malaki-orangemint/
MALAKI – Mojito(モヒート),"3月 15, 2023",MALAKI(マラキ)とは マラキは、アラブ首長国連邦で誕生した最新のシーシャフレーバーブランドです […],https://cloud-jp.net/malaki-mojito/
MALAKI – Gum Cinnamon(ガムシナモン),"3月 15, 2023",MALAKI(マラキ)とは マラキは、アラブ首長国連邦で誕生した最新のシーシャフレーバーブランドです […],https://cloud-jp.net/malaki-gumcinnamon/
MALAKI – Watermelon(ウォーターメロン),"3月 15, 2023",MALAKI(マラキ)とは マラキは、アラブ首長国連邦で誕生した最新のシーシャフレーバーブランドです […],https://cloud-jp.net/malaki-watermelon/
MALAKI – Mint(ミント),"3月 15, 2023",MALAKI(マラキ)とは マラキは、アラブ首長国連邦で誕生した最新のシーシャフレーバーブランドです […],https://cloud-jp.net/malaki-mint/
MALAKI – Double Apple(ダブルアップル),"3月 15, 2023",MALAKI(マラキ)とは マラキは、アラブ首長国連邦で誕生した最新のシーシャフレーバーブランドです […],https://cloud-jp.net/malaki-doubleapple/
DOZAJ – Quience(クインス)レビュー,"2月 7, 2023",DOZAJ(ドザジ)とは DOZAJ(ドザジ)は、トルコのタバコメーカー”マリ”のイスタンプールで生 […],https://cloud-jp.net/dozaj-quience/
DOZAJ – Fig(フィグ)レビュー,"2月 7, 2023",DOZAJ(ドザジ)とは DOZAJ(ドザジ)は、トルコのタバコメーカー”マリ”のイスタンプールで生 […],https://cloud-jp.net/dozaj-fig/
DOZAJ – Cotton Candy(コットンキャンディー)レビュー,"1月 31, 2023",DOZAJ(ドザジ)とは DOZAJ(ドザジ)は、トルコのタバコメーカー”マリ”のイスタンプールで生 […],https://cloud-jp.net/dozaj-cottoncandy/
DOZAJ – Brown Sugar(ブラウンシュガー)レビュー,"1月 31, 2023",DOZAJ(ドザジ)とは DOZAJ(ドザジ)は、トルコのタバコメーカー”マリ”のイスタンプールで生 […],https://cloud-jp.net/dozaj-brownsugar/
DOZAJ – Grape(グレープ)レビュー,"1月 31, 2023",DOZAJ(ドザジ)とは DOZAJ(ドザジ)は、トルコのタバコメーカー”マリ”のイスタンプールで生 […],https://cloud-jp.net/dozaj-grape/
DOZAJ – Kashmir(カシミール)レビュー,"1月 31, 2023",DOZAJ(ドザジ)とは DOZAJ(ドザジ)は、トルコのタバコメーカー”マリ”のイスタンプールで生 […],https://cloud-jp.net/dozaj-kashmir/
DOZAJ – Black Tea(ブラックティー)レビュー,"1月 31, 2023",DOZAJ(ドザジ)とは DOZAJ(ドザジ)は、トルコのタバコメーカー”マリ”のイスタンプールで生 […],https://cloud-jp.net/dozaj-blacktea/
DOZAJ – Banana(バナナ)レビュー,"1月 31, 2023",DOZAJ(ドザジ)とは DOZAJ(ドザジ)は、トルコのタバコメーカー”マリ”のイスタンプールで生 […],https://cloud-jp.net/dozaj-banana/
DOZAJ – Ginger Coconuts(ジンジャーココナッツ)レビュー,"1月 31, 2023",DOZAJ(ドザジ)とは DOZAJ(ドザジ)は、トルコのタバコメーカー”マリ”のイスタンプールで生 […],https://cloud-jp.net/dozaj-gingercoconuts/
DOZAJ – Strawberry Yogurt(ストロベリーヨーグルト)レビュー,"10月 23, 2022",DOZAJ(ドザジ)とは DOZAJ(ドザジ)は、トルコのタバコメーカー”マリ”のイスタンプールで生 […],https://cloud-jp.net/dozaj-strawberryyogurt/
DOZAJ – Cactus(カクタス)レビュー,"10月 23, 2022",DOZAJ(ドザジ)とは DOZAJ(ドザジ)は、トルコのタバコメーカー”マリ”のイスタンプールで生 […],https://cloud-jp.net/dozaj-cactus/
DOZAJ – Ice Cream Lemon(アイスクリームレモン)レビュー,"10月 23, 2022",DOZAJ(ドザジ)とは DOZAJ(ドザジ)は、トルコのタバコメーカー”マリ”のイスタンプールで生 […],https://cloud-jp.net/dozaj-icecreamlemon/
DOZAJ – Plum(プラム)レビュー,"10月 23, 2022",DOZAJ(ドザジ)とは DOZAJ(ドザジ)は、トルコのタバコメーカー”マリ”のイスタンプールで生 […],https://cloud-jp.net/dozaj-plum/
DOZAJ – Kruvasan Marmalade(クロワッサンマーマレード)レビュー,"10月 23, 2022",DOZAJ(ドザジ)とは DOZAJ(ドザジ)は、トルコのタバコメーカー”マリ”のイスタンプールで生 […],https://cloud-jp.net/dozaj-kruvasanmarmalade/
DOZAJ – Dragon Fruits(ドラゴンフルーツ)レビュー,"10月 23, 2022",DOZAJ(ドザジ)とは DOZAJ(ドザジ)は、トルコのタバコメーカー”マリ”のイスタンプールで生 […],https://cloud-jp.net/dozaj-dragonfruits/
DOZAJ – Maracuja(マラクジャ)レビュー,"10月 23, 2022",DOZAJ(ドザジ)とは DOZAJ(ドザジ)は、トルコのタバコメーカー”マリ”のイスタンプールで生 […],https://cloud-jp.net/dozaj-maracuja/
DOZAJ(ドザジ) – Passion Fruits(パッションフルーツ)レビュー,"10月 23, 2022",DOZAJ(ドザジ)とは DOZAJ(ドザジ)は、トルコのタバコメーカー”マリ”のイスタンプールで生 […],https://cloud-jp.net/dozaj-passionfruits/
DOZAJ(ドザジ) – Macaron Pink(マカロンピンク)レビュー,"10月 23, 2022",DOZAJ(ドザジ)とは DOZAJ(ドザジ)は、トルコのタバコメーカー”マリ”のイスタンプールで生 […],https://cloud-jp.net/dozaj-macaronpink/
TROY – Ice Blueberry(アイスブルーベリー)レビュー,"10月 23, 2022",TROYとは？ TROY(トロイ)は、TickTockと同じくAl Amasi社から発売されているト […],https://cloud-jp.net/troy-iceblueberry/
TROY – Golden Orange(ゴールデンオレンジ)レビュー,"10月 23, 2022",TROYとは？ TROY(トロイ)は、TickTockと同じくAl Amasi社から発売されているト […],https://cloud-jp.net/troy-goldenorange/
TROY – Bergamot Breeze(ベルガモットブリーズ)レビュー,"10月 23, 2022",TROYとは？ TROY(トロイ)は、TickTockと同じくAl Amasi社から発売されているト […],https://cloud-jp.net/troy-bergamotbreeze/
TROY – Midnight(ミッドナイト)レビュー,"10月 23, 2022",TROYとは？ TROY(トロイ)は、TickTockと同じくAl Amasi社から発売されているト […],https://cloud-jp.net/troy-midnight/
TROY – Ice Orange(アイスオレンジ)レビュー,"10月 23, 2022",TROYとは？ TROY(トロイ)は、TickTockと同じくAl Amasi社から発売されているト […],https://cloud-jp.net/troy-iceorange/
TROY – Mint(ミント)レビュー,"10月 23, 2022",TROYとは？ TROY(トロイ)は、TickTockと同じくAl Amasi社から発売されているト […],https://cloud-jp.net/troy-mint/
TROY – Melon Milk(メロンミルク)レビュー,"10月 23, 2022",TROYとは？ TROY(トロイ)は、TickTockと同じくAl Amasi社から発売されているト […],https://cloud-jp.net/troy-melonmilk/
TROY – Banana Milk(バナナミルク)レビュー,"8月 16, 2022",TROYとは？ TROY(トロイ)は、TickTockと同じくAl Amasi社から発売されているト […],https://cloud-jp.net/troy-bananamilk/
DOZAJ – Pumpkin Cake(パンプキンケーキ)レビュー,"8月 14, 2022",DOZAJ(ドザジ)とは DOZAJ(ドザジ)は、トルコのタバコメーカー”マリ”のイスタンプールで生 […],https://cloud-jp.net/dozaj-pumpkincake/
DOZAJ – Lychee(ライチ)レビュー,"8月 14, 2022",DOZAJ(ドザジ)とは DOZAJ(ドザジ)は、トルコのタバコメーカー”マリ”のイスタンプールで生 […],https://cloud-jp.net/dozaj-lychee/
Tabu – Lychee(ライチ)レビュー,"7月 19, 2022",Tabuとは？ ノンニコチンフレーバー”tabu”はロシアのシーシャパイプブランド、Nu […],https://cloud-jp.net/tabu-lychee/
Tabu – Berry Tic-Tac(ベリーティックタック)レビュー,"7月 19, 2022",Tabuとは？ ノンニコチンフレーバー”tabu”はロシアのシーシャパイプブランド、Nu […],https://cloud-jp.net/tabu-berrytictac/
Tabu – Mango(マンゴー)レビュー,"7月 19, 2022",Tabuとは？ ノンニコチンフレーバー”tabu”はロシアのシーシャパイプブランド、Nu […],https://cloud-jp.net/tabu-mango/
Tabu – Pomelo(ポメロ)レビュー,"7月 14, 2022",Tabuとは？ ノンニコチンフレーバー”tabu”はロシアのシーシャパイプブランド、Nu […],https://cloud-jp.net/tabu-pomelo/
Tabu – Lemon Marmalade(レモンマーマレード)レビュー,"7月 14, 2022",Tabuとは？ ノンニコチンフレーバー”tabu”はロシアのシーシャパイプブランド、Nu […],https://cloud-jp.net/tabu-lemonmarmalade/
Tabu – Orange(オレンジ)レビュー,"7月 12, 2022",Tabuとは？ ノンニコチンフレーバー”tabu”はロシアのシーシャパイプブランド、Nu […],https://cloud-jp.net/tabu-orange/
Tabu – Ice(アイス)レビュー,"7月 12, 2022",Tabuとは？ ノンニコチンフレーバー”tabu”はロシアのシーシャパイプブランド、Nu […],https://cloud-jp.net/tabu-ice/
Tabu – Wild strawberry needls(ワイルドストロベリーニードルズ)レビュー,"7月 12, 2022",Tabuとは？ ノンニコチンフレーバー”tabu”はロシアのシーシャパイプブランド、Nu […],https://cloud-jp.net/tabu-wildstrawberryneedls/
Tabu – Tropical Juice(トロピカルジュース)レビュー,"7月 12, 2022",Tabuとは？ ノンニコチンフレーバー”tabu”はロシアのシーシャパイプブランド、Nu […],https://cloud-jp.net/tabu-tropicaljuice/
Tabu – Corn Stick(コーンスティック)レビュー,"7月 12, 2022",Tabuとは？ ノンニコチンフレーバー”tabu”はロシアのシーシャパイプブランド、Nu […],https://cloud-jp.net/tabu-cornstick/
Tabu – Orange Soda(オレンジソーダ)レビュー,"7月 12, 2022",Tabuとは？ ノンニコチンフレーバー”tabu”はロシアのシーシャパイプブランド、Nu […],https://cloud-jp.net/tabu-orangesoda/
Tabu – Banana(バナナ)レビュー,"7月 12, 2022",Tabuとは？ ノンニコチンフレーバー”tabu”はロシアのシーシャパイプブランド、Nu […],https://cloud-jp.net/tabu-banana/
Tabu – Melon(メロン)レビュー,"7月 12, 2022",Tabuとは？ ノンニコチンフレーバー”tabu”はロシアのシーシャパイプブランド、Nu […],https://cloud-jp.net/tabu-melon/
Tabu – Grape Mint(グレープミント)レビュー,"7月 11, 2022",Tabuとは？ ノンニコチンフレーバー”tabu”はロシアのシーシャパイプブランド、Nu […],https://cloud-jp.net/tabu-grapemint/
Tabu – Grape Cola(グレープコーラ)レビュー,"7月 10, 2022",Tabuとは？ ノンニコチンフレーバー”tabu”はロシアのシーシャパイプブランド、Nu […],https://cloud-jp.net/tabu-grapecola/
Tabu – Nuts(ナッツ)レビュー,"7月 9, 2022",Tabuとは？ ノンニコチンフレーバー”tabu”はロシアのシーシャパイプブランド、Nu […],https://cloud-jp.net/tabu-nuts/
Tabu – Kiwi Ripe(キウィライプ)レビュー,"7月 6, 2022",Tabuとは？ ノンニコチンフレーバー”tabu”はロシアのシーシャパイプブランド、Nu […],https://cloud-jp.net/tabu-kiwiripe/
Tabu – Garnet Juice(ガーネットジュース)レビュー,"7月 6, 2022",Tabuとは？ ノンニコチンフレーバー”tabu”はロシアのシーシャパイプブランド、Nu […],https://cloud-jp.net/tabu-garnetjuice/
Tabu – Fayjoa Cheese Cake(フェイジョアチーズケーキ)レビュー,"7月 6, 2022",Tabuとは？ ノンニコチンフレーバー”tabu”はロシアのシーシャパイプブランド、Nu […],https://cloud-jp.net/tabu-fayjoacheesecake/
Tabu – Jasmin lemonade(ジャスミンレモネード)レビュー,"7月 6, 2022",Tabuとは？ ノンニコチンフレーバー”tabu”はロシアのシーシャパイプブランド、Nu […],https://cloud-jp.net/tabu-jasminlemonade/
Tabu – Cola(コーラ)レビュー,"7月 6, 2022",Tabuとは？ ノンニコチンフレーバー”tabu”はロシアのシーシャパイプブランド、Nu […],https://cloud-jp.net/tabu-cola/
DOZAJ – Waffle Caramel(ワッフルキャラメル)レビュー,"6月 17, 2022",DOZAJ(ドザジ)とは DOZAJ(ドザジ)は、トルコのタバコメーカー”マリ”のイスタンプールで生 […],https://cloud-jp.net/dozaj-wafflecaramel/
DOZAJ – The Good(ザ・グッド)レビュー,"6月 17, 2022",DOZAJ(ドザジ)とは DOZAJ(ドザジ)は、トルコのタバコメーカー”マリ”のイスタンプールで生 […],https://cloud-jp.net/dozaj-thegood/
DOZAJ – The Bad(ザバッド)レビュー,"6月 17, 2022",DOZAJ(ドザジ)とは DOZAJ(ドザジ)は、トルコのタバコメーカー”マリ”のイスタンプールで生 […],https://cloud-jp.net/dozaj-thebad/
DOZAJ – Smoke Passion(スモークパッション)レビュー,"6月 17, 2022",DOZAJ(ドザジ)とは DOZAJ(ドザジ)は、トルコのタバコメーカー”マリ”のイスタンプールで生 […],https://cloud-jp.net/dozaj-smokepassion/
DOZAJ – Nesquickly(ネスクイックリー)レビュー,"6月 17, 2022",DOZAJ(ドザジ)とは DOZAJ(ドザジ)は、トルコのタバコメーカー”マリ”のイスタンプールで生 […],https://cloud-jp.net/dozaj-nesquickly/
DOZAJ – Marshall(マーシャル)レビュー,"6月 17, 2022",DOZAJ(ドザジ)とは DOZAJ(ドザジ)は、トルコのタバコメーカー”マリ”のイスタンプールで生 […],https://cloud-jp.net/dozaj-marshall/
DOZAJ – Magic Smoke(マジックスモーク)レビュー,"6月 17, 2022",DOZAJ(ドザジ)とは DOZAJ(ドザジ)は、トルコのタバコメーカー”マリ”のイスタンプールで生 […],https://cloud-jp.net/dozaj-magicsmoke/
DOZAJ – LindenTea(リンデンティー)レビュー,"6月 17, 2022",DOZAJ(ドザジ)とは DOZAJ(ドザジ)は、トルコのタバコメーカー”マリ”のイスタンプールで生 […],https://cloud-jp.net/dozaj-lindentea/
DOZAJ – Ice(アイス)レビュー,"6月 17, 2022",DOZAJ(ドザジ)とは DOZAJ(ドザジ)は、トルコのタバコメーカー”マリ”のイスタンプールで生 […],https://cloud-jp.net/dozaj-ice/
DOZAJ – Honey(ハニー)レビュー,"6月 17, 2022",DOZAJ(ドザジ)とは DOZAJ(ドザジ)は、トルコのタバコメーカー”マリ”のイスタンプールで生 […],https://cloud-jp.net/dozaj-honey/
DOZAJ – Gum(ガム)レビュー,"6月 17, 2022",DOZAJ(ドザジ)とは DOZAJ(ドザジ)は、トルコのタバコメーカー”マリ”のイスタンプールで生 […],https://cloud-jp.net/dozaj-gum/
DOZAJ – Guava(グアバ)レビュー,"6月 17, 2022",DOZAJ(ドザジ)とは DOZAJ(ドザジ)は、トルコのタバコメーカー”マリ”のイスタンプールで生 […],https://cloud-jp.net/dozaj-guava/
DOZAJ – Grapefruit(グレープフルーツ)レビュー,"6月 17, 2022",DOZAJ(ドザジ)とは DOZAJ(ドザジ)は、トルコのタバコメーカー”マリ”のイスタンプールで生 […],https://cloud-jp.net/dozaj-grapefruit/
DOZAJ – Dead Sea(デッドシー)レビュー,"6月 17, 2022",DOZAJ(ドザジ)とは DOZAJ(ドザジ)は、トルコのタバコメーカー”マリ”のイスタンプールで生 […],https://cloud-jp.net/dozaj-deadsea/
DOZAJ – Acai(アサイー)レビュー,"6月 17, 2022",DOZAJ(ドザジ)とは DOZAJ(ドザジ)は、トルコのタバコメーカー”マリ”のイスタンプールで生 […],https://cloud-jp.net/dozaj-acai/
DOZAJ – Fury Winter(フューリーウィンター)レビュー,"6月 12, 2022",DOZAJ(ドザジ)とは DOZAJ(ドザジ)は、トルコのタバコメーカー”マリ”のイスタンプールで生 […],https://cloud-jp.net/dozaj-furywinter/
DOZAJ – Eternal(エターナル)レビュー,"6月 12, 2022",DOZAJ(ドザジ)とは DOZAJ(ドザジ)は、トルコのタバコメーカー”マリ”のイスタンプールで生 […],https://cloud-jp.net/dozaj-eternal/
DOZAJ – Cucumber(キューカンバー)レビュー,"6月 12, 2022",DOZAJ(ドザジ)とは DOZAJ(ドザジ)は、トルコのタバコメーカー”マリ”のイスタンプールで生 […],https://cloud-jp.net/dozaj-cucumber/
DOZAJ – Coconut(ココナッツ)レビュー,"6月 11, 2022",DOZAJ(ドザジ)とは DOZAJ(ドザジ)は、トルコのタバコメーカー”マリ”のイスタンプールで生 […],https://cloud-jp.net/dozaj-coconut/
DOZAJ – Cuba Dream(キューバドリーム)レビュー,"6月 11, 2022",DOZAJ(ドザジ)とは DOZAJ(ドザジ)は、トルコのタバコメーカー”マリ”のイスタンプールで生 […],https://cloud-jp.net/dozaj-cubadream/
DOZAJ – Cinnamon(シナモン)レビュー,"6月 11, 2022",DOZAJ(ドザジ)とは DOZAJ(ドザジ)は、トルコのタバコメーカー”マリ”のイスタンプールで生 […],https://cloud-jp.net/dozaj-cinnamon/
DOZAJ – Chocolate(チョコレート)レビュー,"6月 10, 2022",DOZAJ(ドザジ)とは DOZAJ(ドザジ)は、トルコのタバコメーカー”マリ”のイスタンプールで生 […],https://cloud-jp.net/dozaj-chocolate/
DOZAJ – Cherry(チェリー)レビュー,"6月 9, 2022",DOZAJ(ドザジ)とは DOZAJ(ドザジ)は、トルコのタバコメーカー”マリ”のイスタンプールで生 […],https://cloud-jp.net/dozaj-cherry/
DOZAJ – Casablanca(カサブランカ)レビュー,"6月 9, 2022",DOZAJ(ドザジ)とは DOZAJ(ドザジ)は、トルコのタバコメーカー”マリ”のイスタンプールで生 […],https://cloud-jp.net/dozaj-casablanca/
DOZAJ – Brownie Cherry(ブラウニーチェリー)レビュー,"6月 9, 2022",DOZAJ(ドザジ)とは DOZAJ(ドザジ)は、トルコのタバコメーカー”マリ”のイスタンプールで生 […],https://cloud-jp.net/dozaj-brownicherry/
DOZAJ – Cappuccino(カプチーノ)レビュー,"6月 9, 2022",DOZAJ(ドザジ)とは DOZAJ(ドザジ)は、トルコのタバコメーカー”マリ”のイスタンプールで生 […],https://cloud-jp.net/dozaj-cappccino/
DOZAJ – Angel Kiss(エンジェルキス)レビュー,"6月 8, 2022",DOZAJ(ドザジ)とは DOZAJ(ドザジ)は、トルコのタバコメーカー”マリ”のイスタンプールで生 […],https://cloud-jp.net/dozaj-angelkiss/
DOZAJ – Blue Sky(ブルースカイ)レビュー,"6月 8, 2022",DOZAJ(ドザジ)とは DOZAJ(ドザジ)は、トルコのタバコメーカー”マリ”のイスタンプールで生 […],https://cloud-jp.net/dozaj-bluesky-2/
DOZAJ – Black Currant(ブラックカラント)レビュー,"6月 8, 2022",DOZAJ(ドザジ)とは DOZAJ(ドザジ)は、トルコのタバコメーカー”マリ”のイスタンプールで生 […],https://cloud-jp.net/dozaj-blackcurrant/
DOZAJ – Tangerine(タンジェリン)レビュー,"6月 7, 2022",DOZAJ(ドザジ)とは DOZAJ(ドザジ)は、トルコのタバコメーカー”マリ”のイスタンプールで生 […],https://cloud-jp.net/dozaj-tangerine/
DOZAJ – Strawberry(ストロベリー)レビュー,"6月 7, 2022",DOZAJ(ドザジ)とは DOZAJ(ドザジ)は、トルコのタバコメーカー”マリ”のイスタンプールで生 […],https://cloud-jp.net/dozaj-strawberry/
DOZAJ – Belgium Waffle(ベルギーワッフル)レビュー,"6月 5, 2022",DOZAJ(ドザジ)とは DOZAJ(ドザジ)は、トルコのタバコメーカー”マリ”のイスタンプールで生 […],https://cloud-jp.net/dozaj-belgiumwaffle/
DOZAJ – Mint(ミント)レビュー,"6月 4, 2022",DOZAJ(ドザジ)とは DOZAJ(ドザジ)は、トルコのタバコメーカー”マリ”のイスタンプールで生 […],https://cloud-jp.net/dozaj-mint/
DOZAJ – Bergamot tea(ベルガモットティー)レビュー,"6月 3, 2022",DOZAJ(ドザジ)とは DOZAJ(ドザジ)は、トルコのタバコメーカー”マリ”のイスタンプールで生 […],https://cloud-jp.net/dozaj-bergamottea/
DOZAJ – Two Apple(トゥーアップル)レビュー,"5月 26, 2022",DOZAJ(ドザジ)とは DOZAJ(ドザジ)は、トルコのタバコメーカー”マリ”のイスタンプールで生 […],https://cloud-jp.net/dozaj-twoapple/
DOZAJ – Pomegranate Yogurt(ザクロヨーグルト)レビュー,"5月 26, 2022",DOZAJ(ドザジ)とは DOZAJ(ドザジ)は、トルコのタバコメーカー”マリ”のイスタンプールで生 […],https://cloud-jp.net/dozaj-pomegranateyogurt/
"フルーツを原料としたノンニコチンシーシャフレーバー”旬-SHUN-”をリリース,試煙会のご案内","5月 9, 2022",今回、CLOUDから初の自社商品である、タバコの葉の代わりにフルーツの果実を使用したノンニコチンのシ […],https://cloud-jp.net/shun-begin/
DOZAJ – HazelNut(ヘーゼルナッツ)レビュー,"5月 2, 2022",DOZAJ(ドザジ)のHazelNut(ヘーゼルナッツ)のフレーバーレビューをご紹介しています。DO […],https://cloud-jp.net/dozaj-hazelnut/
DOZAJ – Green Mix(グリーンミックス)レビュー,"5月 2, 2022",DOZAJ(ドザジ)のGreen Mix(グリーンミックス)のフレーバーレビューをご紹介しています。 […],https://cloud-jp.net/dozaj-greenmix/
TROY – LEMON BISCUIT(レモンビスケット)レビュー,"4月 26, 2022",こちらの記事では、TROY(トロイ)のLEMON BISCUIT(レモンビスケット)のフレーバーレビ […],https://cloud-jp.net/troy-lemonbiscuit/
TROY – CAPPUCCINO(カプチーノ)レビュー,"4月 26, 2022",こちらの記事では、TROY(トロイ)のCAPPUCCINO(カプチーノ)のフレーバーレビューをご紹介 […],https://cloud-jp.net/troy-cappuccino/
TROY – ICE COLA(アイスコーラ)レビュー,"4月 26, 2022",こちらの記事では、TROY(トロイ)のICE COLA(アイスコーラ)のフレーバーレビューをご紹介し […],https://cloud-jp.net/troy-icecola/
TROY – ICE BANANA(アイスバナナ)レビュー,"4月 26, 2022",こちらの記事では、TROY(トロイ)のICE BANANA(アイスバナナ)のフレーバーレビューをご紹 […],https://cloud-jp.net/troy-icebanana/
TROY – HONEY MILK(ハニーミルク)レビュー,"4月 26, 2022",こちらの記事では、TROY(トロイ)のHoney Milk(ハニーミルク)のフレーバーレビューをご紹 […],https://cloud-jp.net/troy-honeymilk/
TROY – BLUE GUAVA(ブルーグアバ)レビュー,"4月 26, 2022",こちらの記事では、TROY(トロイ)のBlue Guava(ブルーグアバ)のフレーバーレビューをご紹 […],https://cloud-jp.net/troy-blueguava/
TROY – SPECIAL BLUEBERRY(スペシャルブルーベリー)レビュー,"4月 26, 2022",こちらの記事では、TROY(トロイ)のSpecial Blueberry(スペシャルブルーベリー)の […],https://cloud-jp.net/troy-specialblueberry/
TROY – BAKLAVA(バクラヴァ) レビュー,"4月 26, 2022",こちらの記事では、TROY(トロイ)のBaklava(バクラヴァ)のフレーバーレビューをご紹介します […],https://cloud-jp.net/troy-baklava/
TROY ANISE(アニス) レビュー,"4月 26, 2022",こちらの記事では、TROY(トロイ)のAnise(アニス)のフレーバーレビューをご紹介します。TRO […],https://cloud-jp.net/troy-anise/
日本発ノンニコチンフレーバー『Japonesque』を吸ってみた【前編】,"4月 21, 2022",本日の記事では「日本発のノンニコチンフレーバー『Japonesque』を吸ってみた」と題しまして、『 […],https://cloud-jp.net/japonesque-review-01/
日本発ノンニコチンフレーバー『Japonesque』を吸ってみた【後編】,"4月 21, 2022",今回は前編に続き、『Japonesque』のフレーバーのレビューを行います。 『Japonesque […],https://cloud-jp.net/japonesque-review-02/
旬-SHUN- RASPBERRY,"3月 30, 2022",旬とは？ 旬-SHUN-は、フルーツの果実を使用したノンニコチンシーシャフレーバーです。 実際の果物 […],https://cloud-jp.net/shun-raspberry/
旬-SHUN- PEAR,"3月 30, 2022",旬とは？ 旬-SHUN-は、フルーツの果実を使用したノンニコチンシーシャフレーバーです。 実際の果物 […],https://cloud-jp.net/shun-pear/
旬-SHUN- ORANGE,"3月 30, 2022",旬とは？ 旬-SHUN-は、フルーツの果実を使用したノンニコチンシーシャフレーバーです。 実際の果物 […],https://cloud-jp.net/shun-orange/
旬-SHUN- GUAVA,"3月 30, 2022",旬とは？ 旬-SHUN-は、フルーツの果実を使用したノンニコチンシーシャフレーバーです。 実際の果物 […],https://cloud-jp.net/shun-guava/
旬-SHUN- MELON,"3月 30, 2022",旬とは？ 旬-SHUN-は、フルーツの果実を使用したノンニコチンシーシャフレーバーです。 実際の果物 […],https://cloud-jp.net/shun-melon/
旬-SHUN- LEMON,"3月 30, 2022",旬とは？ 旬-SHUN-は、フルーツの果実を使用したノンニコチンシーシャフレーバーです。 実際の果物 […],https://cloud-jp.net/shun-lemon/
旬-SHUN- MINT,"3月 30, 2022",旬とは？ 旬-SHUN-は、フルーツの果実を使用したノンニコチンシーシャフレーバーです。 実際の果物 […],https://cloud-jp.net/shun-mint/
旬-SHUN- PEACH,"3月 30, 2022",旬とは？ 旬-SHUN-は、フルーツの果実を使用したノンニコチンシーシャフレーバーです。 実際の果物 […],https://cloud-jp.net/shun-peach/
旬-SHUN- WHITEGRAPE,"3月 30, 2022",旬とは？ 旬-SHUN-は、フルーツの果実を使用したノンニコチンシーシャフレーバーです。 実際の果物 […],https://cloud-jp.net/shun-white-grape/
旬-SHUN- TWO APPLE,"3月 30, 2022",旬とは？ 旬-SHUN-は、フルーツの果実を使用したノンニコチンシーシャフレーバーです。 実際の果物 […],https://cloud-jp.net/shun-two-apple/
Debaj – Ice Cactas GrapeFruits(アイス カクタス グレープフルーツ),"3月 12, 2022",Debaj(デバジ) Ice Cactas GrapeFruits(アイス カクタス グレープフルー […],https://cloud-jp.net/debaj-ice-cactas-grapefruits/
Debaj(デバジ) Bounty(バウンティー) レビュー,"2月 15, 2022",Debaj(デバジ) Bounty(バウンティー)のレビューです。,https://cloud-jp.net/debaj-bounty-review/
Afzal(アフザル)のおすすめシーシャフレーバー,"1月 17, 2022",今回は、アフザル(Afzal)社のおすすめフレーバーを6種紹介していきたいと思います。 アフザルのフ […],https://cloud-jp.net/afzal-recommended-flavor/
Social Smoke Lemon Pie(レモンパイ)レビュー,"12月 16, 2021",Social Smoke(ソーシャルスモーク) Lemon Pie(レモンパイ)のレビューです。,https://cloud-jp.net/socialsmoke-lemonpie-review/
REVOSHI Biscuitレビュー,"11月 19, 2021",REVOSHI(レボシ) – Biscuit(ビスケット)のフレーバーレビューです。,https://cloud-jp.net/revoshi-biscuit/
REVOSHI Double Apple Strongレビュー,"11月 15, 2021",Revoshi(レボシ) Double Apple Strong(ストロングダブルアップル)のレビュ […],https://cloud-jp.net/revoshi-doubleapplestrong/
ICE ROCKZ MixedFruits(ミックスフルーツ)レビュー,"11月 5, 2021",この記事では、ICE ROCKZ MixedFruits(ミックスフルーツ)のレビューを紹介していま […],https://cloud-jp.net/icerockz-mixedfruits/
AlFakher(アルファーヘル)のオススメフレーバー,"11月 5, 2021",今回は、どのシーシャ屋でも必ず置いていると言っていいほどの定番ブランドであるAlFakher(アルフ […],https://cloud-jp.net/alfakher-rec-flavor/
Shiazo Two Apples(トゥーアップル)レビュー,"9月 5, 2021",この記事では、Shiazo Two Apples(トゥーアップル)のレビューを紹介しています。,https://cloud-jp.net/shiazo-twoapples/
ICE ROCKZ Ice-Watermelon(アイスウォーターメロン)レビュー,"9月 3, 2021",この記事では、ICE ROCKZのIce-Watermelon(アイスウォーターメロン)のレビューを […],https://cloud-jp.net/icerockz-icewatermelon/
Shiazo Tangerine(タンジェリン) レビュー,"9月 3, 2021",この記事では、Shiazo Tangerine(タンジェリン)のレビューを紹介しています。,https://cloud-jp.net/shiazo-tangerine/
Shiazo Woodruff(ウッドラフ)レビュー,"9月 3, 2021",この記事では、Shiazo Woodruff(ウッドラフ)のレービューを紹介しています。,https://cloud-jp.net/shiazo-woodruff/
Shiazo Rose(ローズ)レビュー,"9月 3, 2021",この記事は、Shiazo Rose(ローズ)のレービューを紹介しています。,https://cloud-jp.net/shiazo-rose/
DeCloud Mango(マンゴー)レビュー,"8月 8, 2021",DeCloud(デクラウド) – DeCloud Mango(マンゴー)のレビューです。,https://cloud-jp.net/decloud-mango/
DeCloud StrawBerry(ストロベリー)レビュー,"8月 8, 2021",DeCloud(デクラウド) – StrawBerry(ストロベリー)のレビューです。,https://cloud-jp.net/post-3891/
FUAMRI”スイートミント”のレビュー・お勧めミックス紹介！,"8月 5, 2021",こちらの記事では、アメリカのシーシャフレーバーメーカーで、日本でもかなり人気のあるブランド「FUMA […],https://cloud-jp.net/fuamri-sweetmint/
DeCloud Almond(アーモンド)レビュー,"8月 1, 2021",DeCloud(デクラウド) – Almond(アーモンド)のレビューです。,https://cloud-jp.net/decloud-almond-review/
FUMARI Spiced Chai(スパイスチャイ)レビュー,"7月 29, 2021","FUMARI(フマリ)の特徴 FUMARI社は,1997年にアメリカのサンディエゴで生まれました。元 […]",https://cloud-jp.net/fumari-spicedchai-review/
FUMARI Ambrosia(アンブロシア)レビュー,"7月 29, 2021",FUMARI Ambrosia(アンブロシア)のレビューです。,https://cloud-jp.net/fumari-ambrosia-review/
FUMARI Caribbean Colada(カリビアンコラーダ)レビュー,"7月 29, 2021",FUMARI(フマリ) Caribbean Colada(カリビアンコラーダ)のレビューです。,https://cloud-jp.net/fumari-caribbeancolada/
Al Fakher Grenadine(グレナデン)レビュー,"7月 26, 2021",Al Fakher(アルファーヘル)Grenadine(グレナデン)のレビューです。,https://cloud-jp.net/alfakher-grenadine-review/
個人的におすすめなSocialSmokeのフレーバー5選,"7月 17, 2021",アメリカ最大のシーシャメーカーであるSOCIAL SMOKE 社は、2003年にテキサス州でスタート […],https://cloud-jp.net/ss-recommended/
Social Smoke Cigar(シガー)レビュー,"7月 16, 2021",Social Smoke(ソーシャルスモーク) Cigar(シガー)のレビューです。,https://cloud-jp.net/socialsmoke-cigar-review/
AlFakher Vanilla(バニラ)レビュー,"7月 16, 2021",AlFakher(アルファーヘル)のVanilla(バニラ)のレビューです。,https://cloud-jp.net/alfakher-vanilla-review/
AlFakher Watermelon(スイカ)レビュー,"7月 15, 2021",AlFakher(アルファーヘル) Watermelon(スイカ)のレビューです。,https://cloud-jp.net/alfakher-watermelon-review/
AlFakher Cinnamon(シナモン)レビュー,"7月 14, 2021",AlFakher(アルファーヘル) Cinnamon(シナモン)のレビューです。,https://cloud-jp.net/alfakher-cinnamon-review/
Social Smoke TangerineRush(タンジェリンラッシュ)レビュー,"7月 14, 2021",Social Smoke(ソーシャルスモーク) TangerineRush(タンジェリンラッシュ)の […],https://cloud-jp.net/socialsmoke-tangerinerush-review/
Social Smoke JapaneseYuzu(ジャパニーズユズ)レビュー,"7月 14, 2021",Social Smoke(ソーシャルスモーク) JapaneseYuzu(ジャパニーズゆず)のレビュ […],https://cloud-jp.net/socialsmoke-japaneseyuzu-review/
Social Smoke LemonDrop(レモンドロップ)レビュー,"7月 14, 2021",Social Smoke(ソーシャルスモーク) LemonDrop(レモンドロップ)のレビューです。,https://cloud-jp.net/socialsmoke-lemondrop-review/
Social Smoke GingerTea(ジンジャーティー)レビュー,"6月 27, 2021",Social Smoke(ソーシャルスモーク) GingerTea(ジンジャーティー)のレビューです […],https://cloud-jp.net/socialsmoke-gingertea-review/
Social Smoke Pear Chill(ペアーチル)レビュー,"6月 22, 2021",Social Smoke(ソーシャルスモーク) Pear Chill(ペアーチル)のレビューです。,https://cloud-jp.net/socialsmoke-pearchill-review/
Social Smoke Pistachio Breeze(ピスタチオブリーズ)レビュー,"6月 21, 2021",Social Smoke(ソーシャルスモーク) Pistachio Breeze(ピスタチオブリーズ […],https://cloud-jp.net/socialsmoke-pistachiobreeze-review/
Social Smoke Honeydew Melon(ハニーデューメロン)レビュー,"6月 21, 2021",Social Smoke(ソーシャルスモーク) Honeydew Melon(ハニーデューメロン)の […],https://cloud-jp.net/socialsmoke-honeydewmelon-review/
Social Smoke Golden Delicious Apple(ゴールデンデリシャスアップル)レビュー,"6月 20, 2021",Social Smoke(ソーシャルスモーク) GoldenDeliciousApple(ゴールデン […],https://cloud-jp.net/socialsmoke-goldendeliciousapple-review/
Social Smoke Grape Chill(グレープチル)レビュー,"6月 20, 2021",Social Smoke(ソーシャルスモーク) Grape Chill(グレープチル)のレビューです […],https://cloud-jp.net/socialsmoke-grapechill-review/
Social Smoke Lime(ライム)レビュー,"6月 20, 2021",Social Smoke(ソーシャルスモーク) Lime(ライム)のレビューです。,https://cloud-jp.net/socialsmoke-lime-review/
Social Smoke Banana Foster(バナナフォスター)レビュー,"6月 16, 2021",Social Smoke(ソーシャルスモーク) Banana Foster(バナナフォスター)のレビ […],https://cloud-jp.net/socialsmoke-bananafoster-review/
Debaj Cardamom Milk(カルダモンミルク)レビュー,"6月 16, 2021",Debaj(デバジ) Cardamom Milk(カルダモンミルク)のレビューです。,https://cloud-jp.net/debaj-cardamommilk-review/
AlFakher Mojito(モヒート)レビュー,"6月 15, 2021",AlFakher(アルファーヘル) Mojito(モヒート)のレビューです。,https://cloud-jp.net/alfakher-mojito-review/
Golden Layalina BTS(ビーティーエス)レビュー,"6月 15, 2021",Golden Layalina(ゴールデンラヤリナ) BTSのレビューです。,https://cloud-jp.net/goldenlayalina-bts-review/
TRIFECTA Twice the Ice Xレビュー,"6月 15, 2021",TRIFECTA(トライフェクタ) Twice the Ice X(トゥワイスジアイスエックス)のレ […],https://cloud-jp.net/trifecta-twicetheicex-review/
Al Fakher Rose(ローズ)レビュー,"6月 15, 2021",Al Fakher(アルファーヘル) Rose(ローズ)のレビューです。,https://cloud-jp.net/alfakher-rose-review/
TRIFECTA MountainFog(マウンテンフォグ)レビュー,"6月 15, 2021",TRIFECTA MountainFog(マウンテンフォグ)のレビューです。,https://cloud-jp.net/trifecta-mountainfog-review/
TRIFECTA Nawar(ナワール)レビュー,"6月 14, 2021",TRIFECTA(トライフェクタ)のNAWAR(ナワール)のレビューです。,https://cloud-jp.net/trifecta-nawar-review/
AlFakher GrapeFruit with Mintレビュー,"6月 12, 2021",Al Fakherは1999年に品質重視のシーシャメーカーとして製造を開始しました。現在、100か国 […],https://cloud-jp.net/alfakher-grapefruitwithmint-review/
Al Fakher Grape(グレープ)レビュー,"6月 12, 2021",Al Fakherはは1999年に品質重視のシーシャメーカーとして製造を開始しました。現在、100か […],https://cloud-jp.net/alfakher-grape-review/
一度は必ず試してみるべきフレーバー – Al Fakher編,"6月 12, 2021",初めてシーシャ屋さんに行った時にフレーバーの種類の多さに驚いたのは僕だけじゃないはず。 今回はAl  […],https://cloud-jp.net/alfakher-recommended-flavor/
FUMARIの特徴、おすすめのフレーバーについて,"6月 11, 2021",シーシャを楽しむにあたって一つぶつかる疑問があります。それは、 “どのフレーバーがいいの […],https://cloud-jp.net/fumari-recommended/
